,organism,PC1_cd45minus,PC2_cd45minus
24087_4#281,human,5.32964168380979,7.95788273419381
24088_4#352,human,4.30192861155916,18.4019809972661
24087_7#308,human,3.57924302951926,-0.143647661827681
24087_8#353,human,2.49606332266596,-31.0710459056161
24088_4#208,human,-8.85447963897083,0.152739907880465
23728_7#232,human,-1.74483413540442,3.10981877964294
24087_1#325,human,13.0415883211313,2.93469262280975
24087_1#249,human,3.96997464826631,0.769917022713905
24088_4#236,human,-7.16596242430401,0.387152948139913
23728_8#352,human,-5.11330061606379,10.6609913007547
24087_4#210,human,4.94796240020594,-6.16037637167518
24088_4#284,human,4.91938999384884,15.6720633071386
24087_2#304,human,5.40241568463349,25.3704273029918
24087_1#229,human,6.55454119214926,27.9330924224664
24087_3#203,human,10.1479830636647,4.90458844980911
24087_4#279,human,2.40230127285476,-4.13894237229112
24088_4#257,human,3.49076392559582,10.6414593421464
24087_2#258,human,13.0246157488357,2.29390866212189
24087_6#259,human,3.29100654576088,6.86191324197904
24088_4#241,human,-5.33015145522284,31.1670702337299
24087_1#297,human,-12.6289747996624,32.7396418245496
24087_2#307,human,12.7656093723994,7.35080886940607
24087_4#349,human,-21.3420898466882,-11.4407573248894
23728_5#250,human,-5.3584292101949,7.845201410906
24088_4#337,human,7.57318105768002,10.187575255242
24087_5#345,human,2.75694596315883,-37.3445017480507
24087_6#355,human,-0.767240345918994,-33.4013146047394
24087_2#347,human,6.12623163535974,5.6727896008744
24087_6#345,human,2.79514934896245,-31.1454917219557
23728_5#273,human,-1.75776493989022,0.260833231507121
24088_4#214,human,2.51216708806071,23.9991969297911
24088_4#357,human,0.467594481981998,9.85061981045561
24087_3#322,human,5.84792742437639,28.5714667608639
24087_8#378,human,0.292979812927272,-41.2463365082171
24087_4#233,human,5.24449271294711,23.7455106060697
24087_4#331,human,8.16733250470443,8.70534601924228
24087_8#370,human,-4.45881546592942,-26.6638425803186
24087_2#346,human,3.72168733599489,-5.27005514632204
24088_4#256,human,3.67583054869669,18.0180877484201
24088_7#326,human,4.32827956230668,1.96759500708137
23728_3#225,human,-1.29293358924334,-3.76432362801572
24088_4#323,human,4.55746245681526,9.90381659446821
24088_4#200,human,-2.05408352362519,-35.6717857759137
24087_4#256,human,6.75211450432854,6.74577986233763
24087_8#350,human,1.13541145398488,-39.0196890179787
23728_5#209,human,0.203144714454015,-0.664294604135872
24087_6#379,human,4.35568343019618,-40.8596106240972
24087_8#351,human,-5.12968259876748,-26.0314436142212
23728_7#283,human,7.14752929968917,14.1657496743789
24087_3#228,human,3.765169383209,-2.07156456320036
24087_5#354,human,0.681407881554907,-32.8557106405633
24087_1#322,human,-2.47283228071166,-12.7334355881822
24087_6#380,human,2.28612453900058,-37.5008768917502
24088_4#248,human,0.816000687960955,9.00437741138188
24088_4#228,human,-11.324930827068,31.8392128634704
24087_2#228,human,7.75099718857929,24.2641252544661
24087_2#229,human,14.9528903195647,7.05342716801846
24088_8#378,human,-3.38284638743435,-31.482153369816
24087_3#256,human,16.3991514089357,6.01696327689565
24087_2#249,human,6.14038778106008,5.07690581896547
23728_7#372,human,2.98149261226079,7.55160677951506
24087_2#352,human,8.98613679895571,3.1782223411096
23728_5#304,human,-2.02218261290993,1.31834644856997
24087_4#299,human,4.44176143515018,5.78327422607934
24087_1#351,human,4.0190136419036,-3.8570036031622
24087_2#345,human,8.0793023998182,1.01740653181518
24087_1#352,human,5.30385016130518,-7.33455945535278
24088_4#334,human,-0.351895073763854,8.9083520351881
24087_5#353,human,0.520927206082035,-31.4507666508857
24087_6#354,human,0.585150365264577,-31.7543493204194
23728_3#283,human,-20.164651321115,-9.20098529085505
24087_6#349,human,3.72256886110341,-38.2499191091461
24087_2#372,human,-11.7824439850607,33.7136901422218
23728_7#323,human,13.9465241339405,8.16002657750545
24087_1#301,human,16.3265927930712,5.28616379137376
23728_3#233,human,1.20432233908553,-10.2471032586863
24087_2#232,human,9.00889795403398,6.89885480792071
24087_4#302,human,-11.3577090948835,32.5525006888378
23728_5#300,human,-7.66613150721145,7.9386975376755
24087_7#209,human,5.25714984207462,3.07644591735643
23728_6#207,human,-2.03446140965176,11.3455315222337
24088_8#377,human,-3.11944916779347,-31.5073493197929
23728_5#331,human,-2.40916093621451,0.162025060397403
23728_3#228,human,-6.65565049938392,2.9336528506149
24088_7#375,human,-11.0481027568618,34.5245083099637
24087_1#349,human,-9.22965261669306,35.2012760134562
24087_2#324,human,8.27334952376472,26.7048199536787
24088_8#354,human,0.309263893409627,-42.3582730739063
23728_4#231,human,-2.77383071505989,-0.340421881114671
24087_3#299,human,2.79528275099735,-1.48716943696651
24087_1#226,human,2.52547201322794,19.0812490065739
24087_1#231,human,5.42758645540514,3.94819088540346
23728_8#282,human,4.55183703915396,24.4237952625356
23728_5#276,human,-7.65730662916189,7.48006551235514
24088_4#219,human,1.16587327862638,1.66569384247101
24087_5#356,human,1.79743124803512,-38.2460130706585
23728_7#203,human,-1.66503147746118,3.71265343133485
24087_1#355,human,3.44778117151021,-5.1844028778556
24087_6#232,human,3.06569307525041,-1.67449377509393
24087_8#284,human,-0.431864806188411,-0.768576823607664
24087_4#370,human,1.69970756789604,-4.62773408447048
24088_7#350,human,1.88435726402283,-31.1408742045276
23728_4#325,human,-7.71726667244407,9.85642483850198
24088_4#342,human,-8.87222236035913,32.1005269024533
24087_4#235,human,4.01019391053372,4.26544413512451
24087_3#352,human,3.54072547528774,-7.20779115898545
24087_4#277,human,17.1246481914749,3.60249967318663
23728_7#352,human,-0.786653229287813,11.1560851345809
24087_6#346,human,2.22355128237629,-34.1072640651255
24088_4#327,human,2.94937658512316,3.05152735493086
24087_4#208,human,-20.4295056052121,-10.3418805071351
24087_2#369,human,-12.3187082349196,31.5736155909943
24087_1#306,human,7.83382894834315,-0.06906122197343
24087_3#321,human,15.1950512525706,5.07024537378961
24087_2#251,human,8.77262766200946,7.63514225784025
24087_4#211,human,-4.19932502847275,-11.7972999323383
24087_1#374,human,5.78242189367712,-6.32503122181509
24088_4#250,human,-5.40788145298691,-26.5135111104531
24088_4#372,human,4.17587943155628,9.8304957487211
24087_4#276,human,8.32184175118161,5.26135247554273
24088_4#239,human,2.33947380837125,10.1339743541135
24087_1#353,human,-13.1987601149379,31.2244464542913
23728_6#231,human,-0.430232837251275,19.3474157074708
24087_8#231,human,4.10095943250022,11.3500183404814
24087_6#374,human,-4.40830083732731,-25.6632104104809
23728_8#371,human,2.3259741972242,-9.94458573703824
24087_3#209,human,3.84889782823609,-5.48046958518355
24087_1#304,human,-9.90701690952236,34.4375466629274
24087_4#369,human,-21.9916490066789,-9.67495391273058
24087_7#370,human,1.18606524370413,-34.8950860573813
24087_5#351,human,2.2889690618129,-40.9156291919968
24088_4#314,human,1.20361450172983,9.75626928646208
24088_4#289,human,-8.07244809843114,0.670405632830525
23728_7#331,human,-1.87409034034239,2.63183427789015
24087_1#283,human,-22.1528444929881,-8.64483900262149
24087_4#300,human,4.08292796772215,-4.17776159802486
24087_5#371,human,4.11776411443696,-40.5112825117725
24087_2#280,human,12.6306356328152,8.76285407519328
23728_4#331,human,-4.79064402516646,9.67378158548013
24087_2#299,human,6.92992190004237,14.51600677677
23728_4#208,human,-7.60999869833489,10.0355599446086
24087_2#209,human,-10.782720512802,32.6653291223099
24088_4#283,human,1.07062043654803,17.569281646941
24087_6#308,human,-2.08655700393998,-31.4632034666392
24087_5#347,human,1.72546000766623,-31.5282549386368
24087_5#349,human,4.17948033527857,-32.2763268550857
24088_4#269,human,5.09834800365133,9.76866446292377
24087_2#206,human,-3.46240423564354,-2.86133269463
24087_5#327,human,10.0265940682034,10.7662486256724
24087_1#346,human,5.81292405273925,-5.00823686738322
24088_4#259,human,-1.95459306510066,5.22719647069855
24087_8#369,human,0.983857365606092,-30.8126214391727
24087_1#282,human,-22.0081893504995,-7.76340966182174
24088_4#325,human,-2.16583584316532,-35.5476554151094
23728_4#324,human,-8.83802908238096,10.3295092237803
24087_6#353,human,4.7509309341696,-36.3101445646239
24087_1#379,human,-11.7400323730618,32.6827611471115
23728_4#326,human,-4.01852698482799,10.3257600350158
24088_4#245,human,0.661293636015405,8.28064087570217
24088_4#231,human,5.06485123830796,22.6329508898433
24088_4#240,human,0.190398128589256,3.74382844967315
23728_4#284,human,-7.67033645027805,10.8083812739094
24087_5#346,human,3.4287965957955,-41.1757503899516
23728_3#278,human,-0.947375300769768,-12.0224691512873
24088_4#362,human,3.15247112715346,8.77141095422932
23728_4#252,human,-4.17595086334455,9.79993287157452
23728_5#282,human,2.0320174321812,-9.70109393619382
24088_8#374,human,2.48683259167674,-31.887334259048
24087_1#276,human,18.0783168151894,2.96282418773483
24087_1#212,human,5.43782030060924,24.7648821425254
23728_4#298,human,2.81537560029483,19.1531285040098
24087_7#375,human,0.555823257172843,-33.890570336099
23728_6#284,human,-5.14975811737075,10.1594713214297
23728_8#236,human,-1.69013482153691,6.4369235964779
24088_4#281,human,-4.50582527428757,-25.4029907640167
24088_4#198,human,1.64528434262413,1.33993004243123
24088_8#370,human,1.29995493201135,-42.0199352939258
24087_2#254,human,-12.5113944503362,33.379781785455
24087_8#257,human,-1.29086584831393,-1.49996688290544
24087_7#354,human,2.90163302892307,-38.3410301113656
24088_4#294,human,-10.3274274044509,31.8935335120852
24088_7#370,human,-3.39496388020537,-32.5910839303097
23728_5#204,human,1.03288843379615,-10.8279925117918
24087_3#258,human,9.02314557116457,21.8394224635359
24087_4#328,human,6.40351289211137,24.5202661875604
24087_3#379,human,-20.2196525600605,-10.8854145864649
23728_3#207,human,0.974698509772426,-10.6137658032329
24088_4#321,human,-8.55761620478363,0.303762544616718
24087_1#321,human,-12.8978057495496,31.7098204608681
24087_1#233,human,12.6878240174785,8.53120173204038
24088_4#307,human,-9.95945170150117,30.0193019280201
24087_5#379,human,1.82962459178255,-37.8172620663721
24088_4#221,human,1.01369602443337,17.6272783154269
23728_5#306,human,-4.76007245036098,6.98072385056031
24087_4#283,human,8.42614972649865,-1.52820036604886
24088_4#291,human,4.98780121196893,8.58865199258054
24088_7#378,human,0.317486798954224,-41.4236937608947
24088_4#261,human,1.46089568630231,0.806178609351874
23728_4#330,human,-9.42095363839689,9.0503664132138
24088_7#251,human,2.48790094297362,-1.59859253569106
24087_2#321,human,3.81022194190074,22.4101314183358
24087_8#373,human,4.49479064264112,-37.0511218038928
24087_5#348,human,1.21781545167281,-34.5338235923312
24087_4#373,human,-16.6437900099577,-10.7055879431641
24087_1#323,human,5.87142725190582,-1.80940840006473
23728_3#305,human,-6.7364160274745,4.15323177812124
23728_4#203,human,-5.49844165703181,8.37910140694117
24087_5#350,human,-1.08552136078261,-33.1731983374664
24087_4#252,human,4.67397474916662,23.5190290872295
24087_5#372,human,-2.61733818586148,-33.1166327083314
24088_4#216,human,2.77041537553555,3.48059890904167
24088_4#246,human,-0.164721482019334,6.82200634839575
24088_4#305,human,4.61831994501493,22.2535014127675
24087_6#227,human,6.98596154948449,22.2794683167328
24087_2#253,human,8.82548193388896,24.5629778564751
24087_6#249,human,-0.651059584635163,-10.7778631649759
24087_3#327,human,-12.5514840239419,33.6041114479523
24087_3#253,human,11.1919694713523,0.580413165172585
24088_7#372,human,-1.13791648681151,-38.5353629441129
24087_4#260,human,15.3432280865444,6.69985532310588
24087_1#280,human,-0.932990168439085,19.3129045203188
24087_3#371,human,4.18140876999408,-5.14331347907018
24087_4#249,human,-10.9086598203776,31.5860350312522
23728_3#259,human,-9.91879256114097,5.05705670397881
23728_5#231,human,2.16503752485156,-9.57427170673385
24088_4#249,human,-9.15588932686238,-0.362673489435072
24088_4#379,human,-5.87144292289848,31.3267377155092
24088_4#350,human,-6.37561056433376,3.23717238201528
24087_1#324,human,-4.8430859140644,-11.4898326034382
24087_7#350,human,0.929200417251022,-32.9408818959719
24087_6#372,human,3.80972609588647,-39.8949987598485
23728_5#323,human,-9.05140281496514,7.68368646550998
24087_4#278,human,4.52794761611585,-1.32187578337136
23728_3#231,human,0.518339106623266,-10.5953132014017
24087_4#253,human,-19.4254300205846,-10.2009423876857
24087_8#372,human,1.36277752250841,-30.3844720317352
24087_7#351,human,1.80019554562,-36.9083856706864
24088_4#306,human,2.22905321353864,-33.1241451765503
23728_8#305,human,-9.22939634267837,30.3193529308581
24087_6#370,human,0.761294120818649,-37.8419890427972
24087_4#236,human,10.751170032605,6.40911427125755
24088_8#283,human,-7.05896989796656,7.10490999932972
24087_1#326,human,4.73242317286225,-4.18782840767636
24087_3#229,human,12.9949088891348,0.021135642745105
24087_4#351,human,3.77473687835373,-7.8394179799985
24088_4#218,human,0.171191612600493,7.21840621070242
24088_4#253,human,6.71292515569312,25.2188427168922
24088_7#236,human,1.15469997266087,-0.984631179007201
24088_4#234,human,-10.4603058867279,31.0558234488699
24087_1#303,human,5.33222354693818,-4.24864705392541
24087_4#307,human,17.4967975818151,6.57809420609208
24088_4#332,human,-5.10499165783987,-27.1841521404405
23728_5#279,human,-9.01764165685355,9.04799084906942
24087_3#233,human,9.691665624824,4.64491569798741
24088_4#351,human,-1.18298881833516,-10.3808783128785
24088_4#364,human,2.9145546878982,4.19262696559338
24088_4#344,human,-0.616762739488556,4.67631215198359
24087_3#235,human,8.02278432791587,25.0551251045089
24087_5#369,human,2.55841372937795,-38.399571000749
24087_4#305,human,7.59716696884623,27.2779380863967
24087_5#355,human,0.022727185405492,-34.9967553182026
24087_1#370,human,4.56927867889587,-7.21008575940683
24087_3#374,human,-21.2297047747367,-11.1529241463763
24088_4#292,human,3.50032899298153,11.2278169157157
24087_8#346,human,2.21860443814454,-30.2496352516321
24088_4#347,human,-14.4051069487421,-11.8940187288808
23728_3#277,human,-11.019283025615,28.7586098782603
24088_7#299,human,7.63338385861431,-6.14856474889242
24087_8#371,human,-0.084913523048185,-30.607174252573
24087_4#280,human,-15.1769018663755,-10.331282488234
24088_4#243,human,4.41799160311389,18.8244812487193
23728_8#370,human,-1.11746695441839,-7.34373766366339
24087_4#255,human,4.38881435574047,4.48223194576087
24088_4#339,human,2.86529689794913,3.01869004154165
24088_4#220,human,1.33796298658091,16.837664204487
24087_3#259,human,7.22635091992351,6.35553775506538
24087_2#226,human,-11.1752963035861,34.5253239670941
24087_2#331,human,11.4555302307035,1.63535555791666
24088_8#345,human,2.76800578200497,-42.661730332548
23728_8#202,human,2.82232796229299,-8.64825957821632
24088_4#242,human,0.575234408715316,6.87120950628195
23728_3#298,human,-9.35341264560246,5.17158711487001
24088_4#301,human,-0.070722500070919,-34.2395625177965
24088_7#352,human,-2.14920183545793,-34.3656975704884
24088_4#310,human,-5.59548794534465,31.2467830914203
24087_7#346,human,-0.011056015495642,-32.9962677628122
24087_6#350,human,-3.99357976515684,-26.4961769353752
24088_4#205,human,7.55761680844389,-6.09412713875219
24088_4#329,human,-11.9939274628605,30.2725197604513
24087_4#203,human,-2.93544055003037,-11.4199854705248
23728_3#250,human,0.547948382123599,-10.5274074860738
24087_2#374,human,6.58949454379057,22.7429877974444
24088_4#197,human,3.91096611809048,14.7697359160216
24087_2#235,human,-22.7992612184469,-7.84947420481887
24087_8#354,human,1.45004568849379,-38.2198165962579
24088_4#374,human,4.3020372782422,21.5173403166654
24087_3#297,human,11.9845065871528,4.19167263998497
23728_3#227,human,-10.4601004343269,5.36183667222379
24088_7#321,human,-1.08596714965802,-0.883259301496243
23728_3#249,human,-9.62853906566082,5.82820303110637
24087_1#259,human,16.2034997615614,6.48835819426946
24087_2#231,human,7.87974688008711,27.3355361997661
24088_4#335,human,4.01553389374378,19.1345179884077
24087_3#375,human,2.11747199397831,-2.29723222406508
24087_6#348,human,3.72401683072381,-31.85038652048
24087_4#321,human,15.9257804552324,2.84904530615424
24088_4#262,human,1.99890285561886,7.41181556940017
24087_7#353,human,4.3264123956632,-32.6386650033844
24087_1#205,human,5.53619719584428,25.3566653364805
24087_4#297,human,15.6733602169114,7.1802789414339
24087_2#205,human,7.72774039621487,22.0417137250596
24087_4#207,human,4.77098219074111,6.69165589784684
24087_6#378,human,1.57636636089776,-33.7526696507072
24087_2#322,human,14.5196241709534,7.87400943533293
24087_3#301,human,11.1519240130658,6.71835799765866
24087_2#278,human,-2.98069798757178,-10.5228165502938
24088_7#355,human,0.728271428163427,-42.3938583616889
24087_3#251,human,13.1719768126305,3.76196437269445
23728_3#205,human,-9.45170797080329,4.6373001454145
24088_4#204,human,-12.1945997007322,28.6304862954847
24087_3#211,human,-13.0721350046507,34.6052369829371
24087_1#369,human,4.3464973428557,-7.22795038913442
24087_3#204,human,11.3060368103853,5.7647390774593
23728_4#308,human,-8.67380959144691,10.0100546101278
24088_4#202,human,-9.1370082232419,0.042649257073119
24087_1#228,human,-2.50127822854248,-11.6441345556824
24087_3#277,human,-13.6922332412044,32.7003500770677
24087_2#212,human,16.4140188823896,1.43508929199052
24087_4#323,human,-23.1686708709009,-7.62698180178574
24087_2#356,human,12.3582477855238,-0.386658980040785
24088_4#267,human,1.31493679490416,8.43896721214782
24087_1#251,human,12.5276609207547,2.10978946740868
24087_6#352,human,-5.36221079840358,-25.8604774167189
24087_4#226,human,11.721785419804,4.16017403650662
24088_4#278,human,0.046619965068552,9.59803824826049
24088_4#209,human,-9.72732386306953,31.1839328291919
24087_1#329,human,15.3731086911548,1.22666000320478
24087_7#303,human,-4.0878761086841,-33.6495633403043
24087_3#306,human,12.1501984909773,7.15086685871329
24087_5#377,human,1.83771390331919,-36.6116643669659
24087_4#330,human,10.0426986314692,2.08517377388026
24088_4#333,human,-8.73270561695353,31.0343286723109
24088_8#346,human,2.84878746051027,-42.6110106224878
24087_2#351,human,1.64296153378898,-4.05448397467369
24087_4#234,human,6.59413899610307,21.965764997459
24088_7#356,human,-4.50231627774993,-26.1924256466627
24088_4#355,human,5.3543176171602,23.1083525939445
24087_3#274,human,-15.4450566208177,-10.6465142412633
24087_1#328,human,17.593478877885,7.50771534610203
24087_8#349,human,3.30848115138261,-35.232843761116
24087_1#298,human,-15.2915502147138,-10.4567910874889
24087_2#225,human,9.23422937022266,7.3979806062193
24087_3#273,human,15.7398286587862,1.47353735645783
24088_4#247,human,1.12327064808774,6.53670784814841
24087_2#325,human,9.91663158484772,7.49972720018805
24087_4#225,human,6.62980508760198,27.1139384081512
24087_2#330,human,10.4567866043459,3.37015555264645
24088_8#371,human,0.739468928182553,-41.4345939421242
24088_8#375,human,-1.8060263292849,-35.9558990973554
24088_4#377,human,4.60831938647089,17.9271520506135
24088_4#368,human,3.68516098865982,4.79950627065612
24088_4#215,human,1.63230878511692,1.7989411092825
24088_4#266,human,2.48134780836025,8.43682224601934
24087_8#355,human,0.732238081553463,-42.0852704239036
24087_1#331,human,14.5145315543086,7.73195085210137
23728_4#279,human,-3.64924253885562,15.0645705511382
23728_7#348,human,3.80274784404939,1.91912103348939
24087_4#229,human,6.68059700584915,27.7773615552307
24087_8#375,human,3.87227417018039,-33.9438901574617
24087_3#206,human,-15.2662448322926,-10.2843147082542
24087_3#298,human,8.83266881972694,8.59371403604283
24088_4#304,human,0.340737049178389,-10.9774368781321
24088_7#379,human,-0.377031906546004,-39.8689189233725
24087_6#373,human,3.25234057367585,-38.4000552207104
24087_3#278,human,-5.18748947423123,-11.509858171781
23728_5#210,human,-1.96320783182661,-2.36470365971944
24087_1#257,human,-2.97831516644359,-12.0903130041732
23728_3#226,human,-6.80596562689816,4.08054252446095
24087_3#225,human,14.1466518688421,5.2898235622805
24087_2#373,human,-22.1548284682095,-7.95519433905177
24088_7#305,human,-1.31112331944736,2.77020316965619
24087_1#253,human,12.3396100600896,8.55189025701954
24087_2#355,human,8.85829872036136,4.63277601749368
24087_7#373,human,3.16201268951625,-39.2779087980409
23728_4#321,human,-2.8590076221924,1.57436585012516
23728_6#330,human,-6.34819055121934,8.70729670002634
24087_3#210,human,11.3717139013687,7.83382037507791
24088_8#350,human,2.3265116046857,-30.349834250299
23728_5#308,human,-21.7794679255661,-7.58399733739498
24087_7#328,human,-3.63253898992128,15.0933718220346
24087_2#298,human,16.5053695084246,0.056476675057231
23728_4#212,human,-7.13884782624539,8.95492267425102
24087_1#227,human,11.0951478660652,8.01460160272064
24088_4#302,human,5.52339346161508,14.6635601399489
24087_3#325,human,-1.59021136864881,-12.316607602294
24087_8#307,human,0.086837813209861,-0.287179495298436
24087_2#371,human,7.91613550021007,-4.70443131987048
24087_8#226,human,-4.51362811248294,4.9010316122009
24087_6#206,human,3.38650793158573,-40.6469287058249
24087_4#355,human,2.65638933287743,-5.75535953079449
24087_3#279,human,14.9468200533393,0.596790822233633
24087_4#325,human,7.34669345164945,26.0059426555215
24087_1#204,human,12.9934422147569,4.47754702922794
24087_1#274,human,12.5197989487174,2.15253858322049
24088_4#217,human,5.34120310264174,20.2907564390591
24087_8#377,human,-9.93752608750082,31.2244781006534
23728_4#300,human,-5.2804593964544,8.72638852447369
24087_6#332,human,3.91197451396085,-40.7752838055547
24087_2#353,human,7.38608077020516,28.2629835050018
24087_7#297,human,-0.376958906540828,6.45655804316405
24088_4#315,human,-9.51344387064097,33.5720672985279
23728_5#277,human,-6.61849762354702,9.54111513868419
24087_1#236,human,-12.5386249435767,32.1853642100284
24088_4#373,human,-7.88773119908233,32.8274615997181
24088_8#347,human,-2.51046302629429,-35.1236621823289
24087_3#234,human,11.5425151875679,3.20710717422912
24088_4#296,human,-10.9182308866767,32.0266087442732
24087_4#232,human,-4.84525389236207,31.0222289643304
24087_1#202,human,7.84723186541506,7.99721982378921
24087_4#205,human,-1.27192944635102,-12.655216113976
24087_3#323,human,-1.07813201119984,-7.34015628440462
24087_1#281,human,-23.1722993359612,-7.67540674984883
24087_4#212,human,-10.219872308004,33.7962033966583
24087_2#203,human,8.66098055663506,20.9903857743039
23728_4#304,human,-5.87450670119452,9.14586232665009
24087_3#355,human,-22.7978032792081,-9.6228784329125
24088_4#336,human,4.54532351043585,22.0058633163421
24087_3#380,human,2.21180707375853,-2.59569191320031
24087_4#353,human,11.0670946850582,2.56851809548801
24087_4#274,human,-5.13978565308124,-11.2866284505461
24088_4#276,human,-9.85402607599168,31.7479871549748
24087_4#254,human,8.10883877882818,20.6246218230369
24087_2#326,human,3.97760072040183,23.1558436571947
23728_3#234,human,-1.29895199048932,-3.73167548786069
24088_7#346,human,-2.73801310085095,-33.4835941263984
24087_2#329,human,-12.9447353656111,33.3545932633916
24088_8#369,human,-4.70378233267356,-26.871614143818
24087_1#232,human,-21.0383295438772,-8.57781499640225
24087_6#369,human,2.91652921336993,-35.3044976956782
24087_8#376,human,1.30063798703872,-42.5214089850976
24087_2#279,human,6.6662613234246,4.82429012304936
24087_3#208,human,9.74802968857218,4.91587993263642
23728_5#280,human,-9.46579619817931,7.43944626285028
24088_4#338,human,6.60517742766862,10.1456709908821
24088_8#355,human,-4.14260934053756,-26.4228224571115
23728_3#376,human,-4.6577387337838,-3.29233624704768
24088_8#208,human,1.43607098870499,-3.34818191570478
24087_4#231,human,-12.3609523020421,35.3814584753502
24087_2#275,human,17.0936888864776,0.078089281765704
24087_3#205,human,6.10883259158868,25.7752357324514
24087_6#347,human,0.192214070311347,-34.3785156646791
24088_4#293,human,-12.1309032118642,29.5837554353782
24087_2#327,human,9.74257560642454,2.15712246067692
24087_3#348,human,-19.4925531828522,-10.7106952216085
24088_4#326,human,5.41369223813853,20.0930938318613
24087_4#329,human,6.26950333263155,-4.29671331298387
24088_4#193,human,4.67228437662404,18.4926329809898
24088_4#207,human,-7.71976334939556,0.414801627023136
24087_3#207,human,-2.05345865555386,-11.9956788458422
24088_4#297,human,-12.353461749948,28.1737600077149
24088_4#229,human,7.18202122591809,26.2094722778949
23728_3#208,human,-11.0356591888271,29.8359898239441
24087_2#328,human,15.8320020664839,1.44047730474159
23728_3#307,human,-10.9820827990328,29.8017735415861
23728_5#278,human,-8.83582710302726,7.607397078017
24087_1#348,human,-20.2220605767445,-11.3121572683937
24088_8#376,human,-0.957242268734004,-34.5505071245276
24087_2#305,human,7.77350617369396,25.466293621017
24087_8#249,human,-11.4771082815384,30.8746797514454
24087_2#323,human,1.3458386688044,20.2872264532135
24087_1#332,human,8.58774527553636,1.03630197850052
24087_3#260,human,2.14833946622274,20.6974175402537
24087_4#304,human,14.7792869244637,8.41987183394356
24088_4#203,human,-4.9125328556711,-26.0454685404634
24087_1#380,human,10.1315985792344,7.48545109846447
24088_4#263,human,-5.0352779654948,-25.3015484492337
24087_1#256,human,5.98328759834364,4.28668593122465
24088_4#271,human,0.619644837896702,3.32141258459251
24087_2#301,human,17.6685058544454,2.52854147041945
24087_4#206,human,11.6790910235846,-2.25198886934177
23728_5#251,human,-10.5402780670527,7.31552916490124
24088_4#376,human,-7.70413805120275,0.440223360555801
24088_7#377,human,-2.52697040135663,-34.1330507510888
24087_5#352,human,0.161866085005091,-36.7057610479309
24087_3#354,human,-20.785752788775,-11.119653516293
24087_3#324,human,5.53532139204633,-0.250425158924878
24087_4#251,human,-3.10138112373454,-10.0424172407581
24088_4#275,human,4.49419616185174,15.0298308539791
24088_4#322,human,1.50264316745118,-4.63974159313523
24088_8#353,human,2.43459267971241,-29.3511420800826
24087_4#348,human,8.02068942141746,2.46992309584379
24088_8#348,human,-1.77108154469528,-34.5840843751957
23728_7#251,human,0.268455674863479,19.6303497290271
24087_3#236,human,10.2542892056072,4.82936079447702
24087_4#378,human,-6.14801454492591,31.4514153939558
24088_4#349,human,4.70608000259714,9.03930273616709
24087_3#300,human,-23.1986925364294,-7.75203078306484
24087_2#234,human,4.42745233100282,25.8710736313533
23728_5#229,human,-8.55881172329237,7.32261424967318
24087_7#352,human,1.94149765557295,-34.065533667264
24087_5#376,human,0.767338629676741,-31.7449312237559
24087_4#259,human,7.6027767278482,7.49623408218012
24088_4#363,human,-8.65772443787572,31.3435902875029
24088_4#199,human,-4.74659225271791,-27.2917586895978
24087_6#356,human,1.60633464000787,-33.2938110855396
24088_4#265,human,6.88753796257588,9.38093306589212
24087_1#300,human,2.11678846044076,20.1374172419901
24087_4#322,human,-18.1768824837755,-11.004301653379
23728_3#299,human,-9.83278475158654,4.06665577772434
24088_4#227,human,3.22711424749163,-3.14755376643944
24088_4#371,human,-8.70136610204458,0.250978139793978
24087_2#380,human,10.1247717691842,2.78824390832844
24087_4#327,human,8.01741405635297,-3.67144146382295
24088_4#345,human,-9.86062186868517,-0.323768669408261
24088_4#367,human,1.73145248037516,9.17889648752578
23728_4#282,human,-8.80342895997867,10.6378093120907
23728_6#355,human,2.77356403441235,2.3197626529613
24087_1#260,human,-15.225821794748,-10.4130824711077
24087_2#202,human,5.9495753389157,25.0522891053619
23728_5#305,human,-7.64456962624255,8.86190497563304
24088_4#280,human,-8.80309523050688,32.8657041914289
24087_1#235,human,13.058485920908,7.75582680362299
24088_4#320,human,6.51986208278967,26.5935869548717
24087_2#377,human,10.8270730326906,6.8633112298217
24088_4#313,human,4.86640836929629,24.1555228108772
24087_4#303,human,3.61831609997987,-8.39402537750445
23728_3#252,human,-8.167028753181,4.76077447640773
24087_7#374,human,6.24367033463222,-30.8790157731436
23728_4#305,human,-20.0694446895213,-7.79333927669542
24088_4#366,human,-10.4703163088026,31.8938145875328
24087_1#330,human,5.56958619071837,27.5688377088039
24088_4#279,human,6.30458153222956,20.8898602395616
24088_4#224,human,4.43076657479368,20.834261660118
24088_4#232,human,4.20782839470659,6.80455166181448
24087_4#356,human,-20.7299762769921,-10.3237312174643
24088_4#359,human,3.36683525659982,8.3579842298208
24088_4#211,human,5.75119620147989,9.57072759722928
24087_2#257,human,15.3406966482177,0.486665076519549
23728_5#234,human,-19.597038326546,-9.81076787601075
24088_4#360,human,7.16124116447724,10.3443437047866
24088_4#343,human,1.44914758305687,0.966052900134499
24087_2#379,human,-21.6539158806815,-9.63938142789076
24087_1#279,human,17.6717194971155,3.78906365714403
24088_7#330,human,-2.21058495081331,1.04144699393552
23728_7#205,human,0.813675410741737,19.8936798238649
24087_7#356,human,1.71693640004969,-30.6583069695215
24087_2#375,human,12.9334540409782,9.03656136361166
24087_2#250,human,-4.46858672087756,-11.5234747535806
24087_1#254,human,-8.86867702213961,29.2177741353844
24087_1#230,human,11.7007667378661,4.87985188034683
24087_1#278,human,9.56168802413797,8.53399268882126
24087_1#250,human,5.81577898549842,-1.63277460000744
23728_3#276,human,-10.7172910655191,5.51049444413826
24087_4#273,human,7.39915167904136,-4.03850263736615
24087_2#204,human,4.85201882901024,-2.57836735664085
24088_4#258,human,-9.42832224060165,32.1232819055336
24087_1#350,human,-18.7047673415271,-10.8495935025282
24087_2#274,human,5.29672742575474,26.4558213342987
24087_7#349,human,1.6878532794984,-36.9084113624059
24087_4#354,human,8.95595798975736,1.28916218186413
23728_4#297,human,-3.23318793866725,1.29129062596164
24087_8#352,human,-0.222130508091165,-31.4016819303989
24087_3#232,human,14.8553267124978,2.07399671788356
23728_3#230,human,-10.0310792582649,5.35480310400004
24088_4#201,human,-2.46933980763453,5.73044999597344
23728_7#281,human,-7.59106045140913,7.39387365972983
23728_3#229,human,-10.0607822040978,5.56463244877019
24088_4#358,human,0.705381783471507,6.74002923201964
24087_7#380,human,1.50954233948101,-32.8578146868939
24087_1#308,human,6.0798201482297,26.2059797180184
24087_3#372,human,4.56011910601239,-4.62429156383879
24087_7#377,human,0.735094550137463,-33.5613180870217
24088_4#213,human,0.644427865852221,9.626152558205
24088_7#254,human,-0.220959296919103,-1.1605865141463
23728_5#230,human,-0.366533003790841,-1.47039216474303
24088_7#303,human,5.56499848484235,-3.04450334624233
23728_3#257,human,-8.7933091694426,5.12460748681987
24087_3#377,human,-22.0212657626962,-8.593778461524
24087_3#249,human,6.04454431229113,28.0683598198254
24087_2#208,human,10.1442405045975,3.61274999855979
23728_5#249,human,1.19127679300616,-10.3239424140523
24087_2#308,human,14.6129641526169,3.11857706737846
24087_4#324,human,4.63657829750045,19.6042402781511
24088_8#380,human,-1.00325231722245,-34.4930441071129
23728_5#202,human,-5.9630700657919,5.96535591403748
24088_4#192,human,1.8754794146987,2.98278695945353
24087_7#372,human,2.63531468797194,-38.1974688670583
24087_3#275,human,8.57178276837272,21.3446253084169
23728_3#301,human,-6.13832513703569,6.23226824276441
24087_7#348,human,0.075776514882854,-33.9843563599383
24087_3#252,human,-1.69597169903051,-12.8325141715055
24087_1#207,human,-2.68282949876607,-11.0573220842187
24087_3#305,human,5.06264183743412,-1.0140207845533
24087_5#234,human,-3.61359402822173,15.1597616587468
24087_6#375,human,3.15687097366715,-30.8765117081778
24087_3#254,human,10.0396082643596,10.4290498223083
24088_4#369,human,-12.3892824911478,28.1540665792582
24087_2#233,human,16.142115828781,3.75453178327102
24088_7#349,human,0.639489925407955,-41.6286205448758
23728_4#236,human,-9.16758056647879,10.1027707031453
24087_4#350,human,-21.2141982882402,-10.6516077164901
24087_2#255,human,4.75346526336349,26.1772707780971
24088_4#252,human,-5.02109766726928,-27.987042370497
24087_2#210,human,-13.3693109243591,33.5354722596501
24087_1#255,human,5.15005956382417,27.7470441107685
23728_5#284,human,-1.86600469556998,-2.52600267358855
24088_4#272,human,4.99420846446043,15.2240894531748
24087_6#298,human,3.15904221674504,-40.5320601492726
24087_5#380,human,-5.22756123090829,-25.3397727972912
24087_1#377,human,-12.122929852585,31.4125592613994
24087_3#231,human,14.691496247832,5.17258746643912
24088_4#233,human,-9.43839200281625,31.8220140170615
24087_3#230,human,6.4314947708818,1.55465429477307
24087_3#347,human,14.7413961583753,6.98086027994698
24087_2#350,human,2.98161128716775,-4.76466432867106
23728_7#329,human,4.08760398079811,-8.08934819943026
23728_7#206,human,0.940932961182667,17.9089848312044
24088_4#328,human,4.76816583792752,9.89254328466708
24087_1#373,human,-4.92717286373908,-24.932416306942
24087_1#376,human,-12.0635112778917,33.4278905865442
24087_2#259,human,-11.9601684175973,36.0258721790535
24087_1#375,human,-20.9036487733908,-10.5106158712302
24087_4#284,human,15.1589360328103,4.8726541734146
23728_5#228,human,-1.28907327224617,-0.402656653465571
24087_7#277,human,-10.463847489947,34.0085649007194
24088_7#380,human,-0.855145566994933,-32.2243499822859
24087_3#332,human,12.8723158501856,6.42041655032398
23728_5#259,human,-8.88467006203637,8.27212565445642
24087_3#226,human,-21.7498405855614,-7.60238090082052
24087_3#212,human,6.96210124600417,26.4527209604971
23728_4#307,human,-5.77128806517338,10.9151320530992
24088_8#328,human,-19.0534124917168,-9.5895561501785
24087_8#379,human,0.762884027945062,-30.4266624707764
23728_5#328,human,-10.0549576754821,7.03912997229483
24087_3#345,human,-13.2944642166116,30.1581292749796
24088_4#380,human,6.66645522623316,26.0382401360769
24087_2#303,human,6.94784954148032,27.4587386713977
23728_5#302,human,-1.3936813464153,0.207853274156543
24087_4#227,human,15.6849577257202,3.22085219395483
24087_8#308,human,-4.0993651677168,4.70692453471314
24087_2#349,human,5.09890853152686,-1.03170231046477
24087_3#370,human,3.32924558170692,-32.6363025156377
23728_3#211,human,-1.35736235348635,-3.71247707157022
24087_4#326,human,4.75284183685864,-3.25412972802828
24087_2#354,human,14.6017182473307,-0.423088942959672
23728_5#212,human,-1.63913185255742,-1.91849368200286
24087_3#326,human,9.22569166028241,6.40062597402154
24088_7#369,human,-0.715774697310346,-40.6849923361785
24087_2#306,human,11.2911641346796,5.28706877501066
24087_3#227,human,6.90631959268205,27.0867244910955
24087_7#347,human,1.09752680305542,-34.7819953657134
24087_5#373,human,-3.89537649774891,-33.5246599036284
24087_1#299,human,12.1752395392745,1.0850529091934
24087_7#376,human,3.58207094826762,-41.4919663996963
24087_1#302,human,2.56749736027288,21.4465346484691
24088_4#260,human,2.22481017534217,20.0256349920666
24087_2#332,human,-15.4525243598653,-10.7966799102418
23728_3#251,human,-10.626752375624,4.97849592497761
24088_7#348,human,0.756554094923117,-41.1341906319986
24087_5#375,human,2.10571058095237,-38.375475070774
23728_5#307,human,-8.96034541210559,8.71934300277083
24087_3#329,human,12.1270801521016,-0.674666019689534
24087_1#225,human,5.57322088927918,-1.95464858729836
24087_3#280,human,-3.42017655925762,-11.5344572269048
24088_4#222,human,-9.25074969349844,32.7846816630361
23728_7#227,human,2.60136181971773,-8.13494996053764
24088_4#354,human,-5.44311018983954,-26.901075684472
24087_1#372,human,4.69353936910731,-6.86352709025925
24088_4#195,human,4.33071670327838,5.94457625890361
23728_6#232,human,-10.1942666918421,32.7894444341574
24087_2#348,human,4.75823072495588,-36.3227226964542
24088_4#318,human,-19.2733119744499,-9.87708841564276
23728_7#328,human,1.1039045134385,-2.51340055992626
23728_6#236,human,0.347632168129332,10.5221679608097
24088_4#316,human,0.848019849817529,8.50266342961785
24087_2#227,human,9.1272390487051,4.37477650112827
24087_1#273,human,16.1972793183166,-0.391880319837059
23728_4#250,human,-9.08919864023891,10.0995419133165
24088_4#277,human,5.72418592014325,21.4480223415786
24087_1#305,human,4.06123871954523,-4.6200908775114
24087_1#277,human,-13.8960696297447,32.0860871349134
24087_2#281,human,4.67330705471898,-6.85983388135793
23728_3#232,human,-9.8024434337771,4.84900896681483
24087_7#378,human,1.5612936207831,-35.1132762791036
24088_4#361,human,0.700316501869169,10.8034666554564
23728_4#258,human,11.4115754601656,-2.80383142326782
24088_4#311,human,0.692006325531235,10.6284132936092
23728_4#303,human,-6.44484838200017,10.419001497507
24087_5#374,human,2.54420831645094,-34.675997714704
24088_4#244,human,-20.1090040719895,-10.861398338327
24087_2#256,human,11.3607711262944,8.5662639955695
24087_6#371,human,1.94246907644092,-36.481950992293
24088_4#273,human,-8.10256211398213,1.20561056534329
24087_1#211,human,1.88705576756333,20.2838308318431
24087_7#250,human,-13.3763853797836,32.1289981013119
24088_4#356,human,-9.91449070651744,-0.397323516828884
24087_1#234,human,6.8026257739606,-2.057955947953
24088_4#270,human,2.52531382813273,1.98135738305139
24087_2#211,human,-13.3319091771639,31.8381453232597
23728_4#256,human,-4.0164939485184,12.6770046823321
24087_2#273,human,8.31585881262174,26.0722896564846
24087_3#349,human,-19.8157908336123,-10.6846599005112
24088_4#237,human,3.06574977524536,19.0182591413308
24087_3#331,human,15.907911511739,7.65688457114843
24088_4#206,human,2.15453156827087,11.3196487137322
24088_4#295,human,1.88574190642628,6.62776209768198
24087_3#356,human,-21.9973537683554,-10.0357248733218
23728_5#253,human,1.42189066426946,20.6688574673983
24087_4#376,human,-12.1979153867592,29.9886982361591
24087_2#260,human,7.62324424960788,2.45829561830113
24088_8#373,human,1.65383571098105,-42.900617786885
24087_4#282,human,16.6764719365657,4.64667986599641
24087_8#251,human,-11.0914195391377,30.877431207399
24087_8#380,human,-4.7116932653414,-27.3529075412375
24087_2#376,human,-21.5221094871779,-9.86703021953982
24088_4#346,human,0.367148601493256,-4.514089891841
23728_5#226,human,14.4767328241152,-1.65728611533748
24087_7#379,human,2.69300639354193,-39.2306765539366
24087_5#370,human,-2.52410680507812,-31.2592477467349
24088_4#274,human,2.85792161390587,0.362572968878208
24087_3#202,human,-21.6502697548867,-8.53145877009006
24088_4#285,human,-8.91873971685216,33.7549527545208
24087_3#284,human,-5.07095094986153,-11.4714499532051
24087_1#208,human,-2.88155206455686,-11.6119243328026
24087_2#284,human,-2.08153375684821,-12.4716411245764
24087_1#327,human,-2.70761465788205,-12.0729619423815
23728_4#233,human,-8.42585331618492,10.832950178965
23728_4#230,human,-5.08081546823874,8.4970594708428
24087_3#351,human,6.38888247769386,-5.7880934357413
23728_3#274,human,-7.40765082180599,3.91116639935654
24087_7#355,human,-0.179896644196222,-39.5979884193143
23728_3#255,human,-1.83565308118792,-0.740601073208142
24087_1#347,human,4.42281318169636,-5.4387563992776
